{
    "defect__sec02Rw_dr02_0.2": [
        -0.0017064851708710194,
        -0.0015365730505436659,
        -0.0014006326673552394,
        -0.0013327026972547174,
        -0.001242344151251018,
        -0.0010709867347031832,
        -0.000938299170229584,
        -0.0007947910344228148,
        -0.0006070896051824093,
        -0.0005396090564318001,
        -0.0004481029463931918,
        -0.00038839533226564527,
        -0.0003372285282239318,
        -0.00028837446006946266,
        -0.0002439509698888287,
        -0.0001896399917313829,
        -0.002328437054529786,
        -0.001253441791050136,
        -0.0010291354265064,
        -0.0009201207431033254,
        -0.0006530614919029176,
        -0.0004996918141841888,
        -0.000379084434825927,
        -0.00027763243997469544
    ],
    "defect__sec02Rw_dr02_0.4": [
        -0.0015747628640383482,
        -0.0014179599238559604,
        -0.0013007662491872907,
        -0.0012384096626192331,
        -0.001155521022155881,
        -0.0010059252381324768,
        -0.0008964829612523317,
        -0.0007757237181067467,
        -0.0006084133055992424,
        -0.0005406119744293392,
        -0.00044897751649841666,
        -0.0003893199027515948,
        -0.00033824346610344946,
        -0.00028949318220838904,
        -0.0002451669715810567,
        -0.0001909536076709628,
        -0.001989979762583971,
        -0.0011699789902195334,
        -0.0010399875463917851,
        -0.000928129069507122,
        -0.0006531811086460948,
        -0.0005003936239518225,
        -0.0003798983234446496,
        -0.00027854705695062876
    ],
    "defect__sec02Rw_dr02_0.6": [
        -0.0014856508933007717,
        -0.0013428578386083245,
        -0.0012360451510176063,
        -0.001175936427898705,
        -0.0011013380717486143,
        -0.000967307947576046,
        -0.0008728830143809319,
        -0.0007660023984499276,
        -0.0006104992353357375,
        -0.000542189518455416,
        -0.0004501969087868929,
        -0.0003903390315826982,
        -0.000339155929395929,
        -0.0002903348649851978,
        -0.0002459832467138767,
        -0.00019174176850356162,
        -0.001765586668625474,
        -0.0011843314860016108,
        -0.001052826875820756,
        -0.0009340942488051951,
        -0.0006530012469738722,
        -0.0005007980507798493,
        -0.0003804638690780848,
        -0.00027918186970055103
    ],
    "defect__sec02Rw_dr02_0.8": [
        -0.0014244536869227886,
        -0.0012907006312161684,
        -0.0011899725068360567,
        -0.0011311843991279602,
        -0.0010637767845764756,
        -0.0009413568186573684,
        -0.0008575441315770149,
        -0.000760144554078579,
        -0.0006123951752670109,
        -0.0005436129285953939,
        -0.0004512630112003535,
        -0.0003911725652869791,
        -0.00033985188929364085,
        -0.00029094121418893337,
        -0.00024653974105603993,
        -0.0001922446390381083,
        -0.0016012698179110885,
        -0.0012144406791776419,
        -0.0010641872650012374,
        -0.0009385967859998345,
        -0.0006528047961182892,
        -0.0005010770400986075,
        -0.0003808839537668973,
        -0.00027964962646365166
    ],
    "defect__sec02Rw_dr02_1.0": [
        -0.0013814934063702822,
        -0.0012527551734820008,
        -0.0011556176468729973,
        -0.0010976955527439713,
        -0.0010362311732023954,
        -0.0009227363625541329,
        -0.0008467832813039422,
        -0.0007562193786725402,
        -0.00061391806229949,
        -0.0005447390140034258,
        -0.0004520814400166273,
        -0.00039177926373668015,
        -0.0003403295704629272,
        -0.00029133912175893784,
        -0.000246886134846136,
        -0.00019253748178016394,
        -0.0014728462556377053,
        -0.0012460658326745033,
        -0.0010738205164670944,
        -0.0009420624701306224,
        -0.0006525857606902719,
        -0.0005012304172851145,
        -0.0003811545320786536,
        -0.00027995777782052755
    ]
}
