{
    "defect__sec02Rw_dr02_0.2": [
        1706.4851708710194, 
        1536.5730505436659, 
        1400.6326673552394, 
        1332.7026972547174, 
        1242.344151251018, 
        1070.9867347031832, 
        938.299170229584, 
        794.7910344228148, 
        607.0896051824093, 
        539.6090564318001, 
        448.1029463931918, 
        388.39533226564527, 
        337.2285282239318, 
        288.37446006946266, 
        243.9509698888287, 
        189.6399917313829, 
        2328.437054529786, 
        1253.441791050136, 
        1029.1354265064, 
        920.1207431033254, 
        653.0614919029176, 
        499.69181418418884, 
        379.084434825927, 
        277.63243997469544
    ], 
    "defect__sec02Rw_dr02_0.4": [
        1574.7628640383482, 
        1417.9599238559604, 
        1300.7662491872907, 
        1238.4096626192331, 
        1155.521022155881, 
        1005.9252381324768, 
        896.4829612523317, 
        775.7237181067467, 
        608.4133055992424, 
        540.6119744293392, 
        448.97751649841666, 
        389.3199027515948, 
        338.24346610344946, 
        289.49318220838904, 
        245.1669715810567, 
        190.9536076709628, 
        1989.979762583971, 
        1169.9789902195334, 
        1039.9875463917851, 
        928.129069507122, 
        653.1811086460948, 
        500.3936239518225, 
        379.8983234446496, 
        278.54705695062876
    ], 
    "defect__sec02Rw_dr02_0.6": [
        1485.6508933007717, 
        1342.8578386083245, 
        1236.0451510176063, 
        1175.936427898705, 
        1101.3380717486143, 
        967.307947576046, 
        872.8830143809319, 
        766.0023984499276, 
        610.4992353357375, 
        542.189518455416, 
        450.1969087868929, 
        390.3390315826982, 
        339.155929395929, 
        290.3348649851978, 
        245.98324671387672, 
        191.74176850356162, 
        1765.586668625474, 
        1184.3314860016108, 
        1052.826875820756, 
        934.0942488051951, 
        653.0012469738722, 
        500.7980507798493, 
        380.4638690780848, 
        279.18186970055103
    ], 
    "defect__sec02Rw_dr02_0.8": [
        1424.4536869227886, 
        1290.7006312161684, 
        1189.9725068360567, 
        1131.1843991279602, 
        1063.7767845764756, 
        941.3568186573684, 
        857.5441315770149, 
        760.144554078579, 
        612.3951752670109, 
        543.6129285953939, 
        451.2630112003535, 
        391.1725652869791, 
        339.85188929364085, 
        290.9412141889334, 
        246.53974105603993, 
        192.2446390381083, 
        1601.2698179110885, 
        1214.4406791776419, 
        1064.1872650012374, 
        938.5967859998345, 
        652.8047961182892, 
        501.07704009860754, 
        380.8839537668973, 
        279.64962646365166
    ], 
    "defect__sec02Rw_dr02_1.0": [
        1381.4934063702822, 
        1252.7551734820008, 
        1155.6176468729973, 
        1097.6955527439713, 
        1036.2311732023954, 
        922.7363625541329, 
        846.7832813039422, 
        756.2193786725402, 
        613.91806229949, 
        544.7390140034258, 
        452.0814400166273, 
        391.77926373668015, 
        340.3295704629272, 
        291.33912175893784, 
        246.88613484613597, 
        192.53748178016394, 
        1472.8462556377053, 
        1246.0658326745033, 
        1073.8205164670944, 
        942.0624701306224, 
        652.5857606902719, 
        501.2304172851145, 
        381.1545320786536, 
        279.95777782052755
    ]
}